<annotation>
	<folder>images</folder>
	<filename>frame1341.jpg</filename>
	<path>/Users/brycegeorge/Git/cs-4800-graphics-project/Data/bowl_data/images/frame1341.jpg</path>
	<source>
		<database>Unknown</database>
	</source>
	<size>
		<width>540</width>
		<height>360</height>
		<depth>3</depth>
	</size>
	<segmented>0</segmented>
	<object>
		<name>bowl</name>
		<pose>Unspecified</pose>
		<truncated>0</truncated>
		<difficult>0</difficult>
		<bndbox>
			<xmin>153</xmin>
			<ymin>100</ymin>
			<xmax>168</xmax>
			<ymax>112</ymax>
		</bndbox>
	</object>
	<object>
		<name>bowl</name>
		<pose>Unspecified</pose>
		<truncated>0</truncated>
		<difficult>0</difficult>
		<bndbox>
			<xmin>114</xmin>
			<ymin>124</ymin>
			<xmax>147</xmax>
			<ymax>149</ymax>
		</bndbox>
	</object>
	<object>
		<name>bowl</name>
		<pose>Unspecified</pose>
		<truncated>0</truncated>
		<difficult>0</difficult>
		<bndbox>
			<xmin>137</xmin>
			<ymin>159</ymin>
			<xmax>154</xmax>
			<ymax>173</ymax>
		</bndbox>
	</object>
	<object>
		<name>bowl</name>
		<pose>Unspecified</pose>
		<truncated>0</truncated>
		<difficult>0</difficult>
		<bndbox>
			<xmin>121</xmin>
			<ymin>177</ymin>
			<xmax>137</xmax>
			<ymax>189</ymax>
		</bndbox>
	</object>
	<object>
		<name>bowl</name>
		<pose>Unspecified</pose>
		<truncated>0</truncated>
		<difficult>0</difficult>
		<bndbox>
			<xmin>113</xmin>
			<ymin>197</ymin>
			<xmax>132</xmax>
			<ymax>213</ymax>
		</bndbox>
	</object>
	<object>
		<name>bowl</name>
		<pose>Unspecified</pose>
		<truncated>0</truncated>
		<difficult>0</difficult>
		<bndbox>
			<xmin>78</xmin>
			<ymin>145</ymin>
			<xmax>110</xmax>
			<ymax>171</ymax>
		</bndbox>
	</object>
	<object>
		<name>bowl</name>
		<pose>Unspecified</pose>
		<truncated>0</truncated>
		<difficult>0</difficult>
		<bndbox>
			<xmin>84</xmin>
			<ymin>169</ymin>
			<xmax>107</xmax>
			<ymax>188</ymax>
		</bndbox>
	</object>
	<object>
		<name>bowl</name>
		<pose>Unspecified</pose>
		<truncated>0</truncated>
		<difficult>0</difficult>
		<bndbox>
			<xmin>76</xmin>
			<ymin>206</ymin>
			<xmax>100</xmax>
			<ymax>227</ymax>
		</bndbox>
	</object>
	<object>
		<name>bowl</name>
		<pose>Unspecified</pose>
		<truncated>0</truncated>
		<difficult>0</difficult>
		<bndbox>
			<xmin>184</xmin>
			<ymin>20</ymin>
			<xmax>197</xmax>
			<ymax>28</ymax>
		</bndbox>
	</object>
	<object>
		<name>bowl</name>
		<pose>Unspecified</pose>
		<truncated>0</truncated>
		<difficult>0</difficult>
		<bndbox>
			<xmin>201</xmin>
			<ymin>14</ymin>
			<xmax>228</xmax>
			<ymax>29</ymax>
		</bndbox>
	</object>
	<object>
		<name>bowl</name>
		<pose>Unspecified</pose>
		<truncated>0</truncated>
		<difficult>0</difficult>
		<bndbox>
			<xmin>160</xmin>
			<ymin>24</ymin>
			<xmax>177</xmax>
			<ymax>40</ymax>
		</bndbox>
	</object>
	<object>
		<name>bowl</name>
		<pose>Unspecified</pose>
		<truncated>0</truncated>
		<difficult>0</difficult>
		<bndbox>
			<xmin>176</xmin>
			<ymin>26</ymin>
			<xmax>202</xmax>
			<ymax>46</ymax>
		</bndbox>
	</object>
	<object>
		<name>bowl</name>
		<pose>Unspecified</pose>
		<truncated>0</truncated>
		<difficult>0</difficult>
		<bndbox>
			<xmin>300</xmin>
			<ymin>15</ymin>
			<xmax>317</xmax>
			<ymax>22</ymax>
		</bndbox>
	</object>
	<object>
		<name>bowl</name>
		<pose>Unspecified</pose>
		<truncated>0</truncated>
		<difficult>0</difficult>
		<bndbox>
			<xmin>319</xmin>
			<ymin>14</ymin>
			<xmax>340</xmax>
			<ymax>25</ymax>
		</bndbox>
	</object>
	<object>
		<name>bowl</name>
		<pose>Unspecified</pose>
		<truncated>0</truncated>
		<difficult>0</difficult>
		<bndbox>
			<xmin>266</xmin>
			<ymin>37</ymin>
			<xmax>297</xmax>
			<ymax>58</ymax>
		</bndbox>
	</object>
	<object>
		<name>bowl</name>
		<pose>Unspecified</pose>
		<truncated>0</truncated>
		<difficult>0</difficult>
		<bndbox>
			<xmin>383</xmin>
			<ymin>40</ymin>
			<xmax>404</xmax>
			<ymax>57</ymax>
		</bndbox>
	</object>
	<object>
		<name>bowl</name>
		<pose>Unspecified</pose>
		<truncated>0</truncated>
		<difficult>0</difficult>
		<bndbox>
			<xmin>310</xmin>
			<ymin>51</ymin>
			<xmax>325</xmax>
			<ymax>63</ymax>
		</bndbox>
	</object>
	<object>
		<name>bowl</name>
		<pose>Unspecified</pose>
		<truncated>0</truncated>
		<difficult>0</difficult>
		<bndbox>
			<xmin>257</xmin>
			<ymin>66</ymin>
			<xmax>274</xmax>
			<ymax>78</ymax>
		</bndbox>
	</object>
	<object>
		<name>bowl</name>
		<pose>Unspecified</pose>
		<truncated>0</truncated>
		<difficult>0</difficult>
		<bndbox>
			<xmin>254</xmin>
			<ymin>78</ymin>
			<xmax>283</xmax>
			<ymax>101</ymax>
		</bndbox>
	</object>
	<object>
		<name>bowl</name>
		<pose>Unspecified</pose>
		<truncated>0</truncated>
		<difficult>0</difficult>
		<bndbox>
			<xmin>299</xmin>
			<ymin>63</ymin>
			<xmax>329</xmax>
			<ymax>89</ymax>
		</bndbox>
	</object>
	<object>
		<name>bowl</name>
		<pose>Unspecified</pose>
		<truncated>0</truncated>
		<difficult>0</difficult>
		<bndbox>
			<xmin>405</xmin>
			<ymin>74</ymin>
			<xmax>419</xmax>
			<ymax>87</ymax>
		</bndbox>
	</object>
	<object>
		<name>bowl</name>
		<pose>Unspecified</pose>
		<truncated>0</truncated>
		<difficult>0</difficult>
		<bndbox>
			<xmin>396</xmin>
			<ymin>81</ymin>
			<xmax>412</xmax>
			<ymax>95</ymax>
		</bndbox>
	</object>
	<object>
		<name>bowl</name>
		<pose>Unspecified</pose>
		<truncated>0</truncated>
		<difficult>0</difficult>
		<bndbox>
			<xmin>484</xmin>
			<ymin>90</ymin>
			<xmax>496</xmax>
			<ymax>114</ymax>
		</bndbox>
	</object>
	<object>
		<name>bowl</name>
		<pose>Unspecified</pose>
		<truncated>0</truncated>
		<difficult>0</difficult>
		<bndbox>
			<xmin>476</xmin>
			<ymin>184</ymin>
			<xmax>493</xmax>
			<ymax>211</ymax>
		</bndbox>
	</object>
	<object>
		<name>bowl</name>
		<pose>Unspecified</pose>
		<truncated>0</truncated>
		<difficult>0</difficult>
		<bndbox>
			<xmin>484</xmin>
			<ymin>253</ymin>
			<xmax>494</xmax>
			<ymax>275</ymax>
		</bndbox>
	</object>
	<object>
		<name>bowl</name>
		<pose>Unspecified</pose>
		<truncated>0</truncated>
		<difficult>0</difficult>
		<bndbox>
			<xmin>463</xmin>
			<ymin>232</ymin>
			<xmax>483</xmax>
			<ymax>250</ymax>
		</bndbox>
	</object>
	<object>
		<name>bowl</name>
		<pose>Unspecified</pose>
		<truncated>0</truncated>
		<difficult>0</difficult>
		<bndbox>
			<xmin>459</xmin>
			<ymin>249</ymin>
			<xmax>485</xmax>
			<ymax>273</ymax>
		</bndbox>
	</object>
	<object>
		<name>bowl</name>
		<pose>Unspecified</pose>
		<truncated>0</truncated>
		<difficult>0</difficult>
		<bndbox>
			<xmin>387</xmin>
			<ymin>284</ymin>
			<xmax>423</xmax>
			<ymax>313</ymax>
		</bndbox>
	</object>
	<object>
		<name>bowl</name>
		<pose>Unspecified</pose>
		<truncated>0</truncated>
		<difficult>0</difficult>
		<bndbox>
			<xmin>414</xmin>
			<ymin>308</ymin>
			<xmax>450</xmax>
			<ymax>339</ymax>
		</bndbox>
	</object>
	<object>
		<name>bowl</name>
		<pose>Unspecified</pose>
		<truncated>0</truncated>
		<difficult>0</difficult>
		<bndbox>
			<xmin>435</xmin>
			<ymin>137</ymin>
			<xmax>455</xmax>
			<ymax>154</ymax>
		</bndbox>
	</object>
	<object>
		<name>bowl</name>
		<pose>Unspecified</pose>
		<truncated>0</truncated>
		<difficult>0</difficult>
		<bndbox>
			<xmin>388</xmin>
			<ymin>133</ymin>
			<xmax>410</xmax>
			<ymax>151</ymax>
		</bndbox>
	</object>
	<object>
		<name>bowl</name>
		<pose>Unspecified</pose>
		<truncated>0</truncated>
		<difficult>0</difficult>
		<bndbox>
			<xmin>369</xmin>
			<ymin>139</ymin>
			<xmax>395</xmax>
			<ymax>162</ymax>
		</bndbox>
	</object>
	<object>
		<name>bowl</name>
		<pose>Unspecified</pose>
		<truncated>0</truncated>
		<difficult>0</difficult>
		<bndbox>
			<xmin>326</xmin>
			<ymin>120</ymin>
			<xmax>344</xmax>
			<ymax>136</ymax>
		</bndbox>
	</object>
	<object>
		<name>bowl</name>
		<pose>Unspecified</pose>
		<truncated>0</truncated>
		<difficult>0</difficult>
		<bndbox>
			<xmin>289</xmin>
			<ymin>143</ymin>
			<xmax>317</xmax>
			<ymax>164</ymax>
		</bndbox>
	</object>
	<object>
		<name>bowl</name>
		<pose>Unspecified</pose>
		<truncated>0</truncated>
		<difficult>0</difficult>
		<bndbox>
			<xmin>315</xmin>
			<ymin>165</ymin>
			<xmax>330</xmax>
			<ymax>179</ymax>
		</bndbox>
	</object>
	<object>
		<name>bowl</name>
		<pose>Unspecified</pose>
		<truncated>0</truncated>
		<difficult>0</difficult>
		<bndbox>
			<xmin>308</xmin>
			<ymin>185</ymin>
			<xmax>329</xmax>
			<ymax>201</ymax>
		</bndbox>
	</object>
	<object>
		<name>bowl</name>
		<pose>Unspecified</pose>
		<truncated>0</truncated>
		<difficult>0</difficult>
		<bndbox>
			<xmin>302</xmin>
			<ymin>199</ymin>
			<xmax>328</xmax>
			<ymax>218</ymax>
		</bndbox>
	</object>
	<object>
		<name>bowl</name>
		<pose>Unspecified</pose>
		<truncated>0</truncated>
		<difficult>0</difficult>
		<bndbox>
			<xmin>211</xmin>
			<ymin>124</ymin>
			<xmax>229</xmax>
			<ymax>140</ymax>
		</bndbox>
	</object>
	<object>
		<name>bowl</name>
		<pose>Unspecified</pose>
		<truncated>0</truncated>
		<difficult>0</difficult>
		<bndbox>
			<xmin>212</xmin>
			<ymin>150</ymin>
			<xmax>228</xmax>
			<ymax>164</ymax>
		</bndbox>
	</object>
	<object>
		<name>bowl</name>
		<pose>Unspecified</pose>
		<truncated>0</truncated>
		<difficult>0</difficult>
		<bndbox>
			<xmin>224</xmin>
			<ymin>161</ymin>
			<xmax>243</xmax>
			<ymax>177</ymax>
		</bndbox>
	</object>
	<object>
		<name>bowl</name>
		<pose>Unspecified</pose>
		<truncated>0</truncated>
		<difficult>0</difficult>
		<bndbox>
			<xmin>224</xmin>
			<ymin>182</ymin>
			<xmax>253</xmax>
			<ymax>204</ymax>
		</bndbox>
	</object>
	<object>
		<name>bowl</name>
		<pose>Unspecified</pose>
		<truncated>0</truncated>
		<difficult>0</difficult>
		<bndbox>
			<xmin>225</xmin>
			<ymin>204</ymin>
			<xmax>244</xmax>
			<ymax>219</ymax>
		</bndbox>
	</object>
	<object>
		<name>bowl</name>
		<pose>Unspecified</pose>
		<truncated>0</truncated>
		<difficult>0</difficult>
		<bndbox>
			<xmin>244</xmin>
			<ymin>204</ymin>
			<xmax>265</xmax>
			<ymax>225</ymax>
		</bndbox>
	</object>
	<object>
		<name>bowl</name>
		<pose>Unspecified</pose>
		<truncated>0</truncated>
		<difficult>0</difficult>
		<bndbox>
			<xmin>170</xmin>
			<ymin>156</ymin>
			<xmax>193</xmax>
			<ymax>174</ymax>
		</bndbox>
	</object>
	<object>
		<name>bowl</name>
		<pose>Unspecified</pose>
		<truncated>0</truncated>
		<difficult>0</difficult>
		<bndbox>
			<xmin>181</xmin>
			<ymin>191</ymin>
			<xmax>203</xmax>
			<ymax>209</ymax>
		</bndbox>
	</object>
	<object>
		<name>bowl</name>
		<pose>Unspecified</pose>
		<truncated>0</truncated>
		<difficult>0</difficult>
		<bndbox>
			<xmin>193</xmin>
			<ymin>215</ymin>
			<xmax>229</xmax>
			<ymax>243</ymax>
		</bndbox>
	</object>
	<object>
		<name>bowl</name>
		<pose>Unspecified</pose>
		<truncated>0</truncated>
		<difficult>0</difficult>
		<bndbox>
			<xmin>213</xmin>
			<ymin>238</ymin>
			<xmax>242</xmax>
			<ymax>264</ymax>
		</bndbox>
	</object>
	<object>
		<name>bowl</name>
		<pose>Unspecified</pose>
		<truncated>0</truncated>
		<difficult>0</difficult>
		<bndbox>
			<xmin>177</xmin>
			<ymin>247</ymin>
			<xmax>196</xmax>
			<ymax>266</ymax>
		</bndbox>
	</object>
	<object>
		<name>bowl</name>
		<pose>Unspecified</pose>
		<truncated>0</truncated>
		<difficult>0</difficult>
		<bndbox>
			<xmin>133</xmin>
			<ymin>261</ymin>
			<xmax>151</xmax>
			<ymax>277</ymax>
		</bndbox>
	</object>
	<object>
		<name>bowl</name>
		<pose>Unspecified</pose>
		<truncated>0</truncated>
		<difficult>0</difficult>
		<bndbox>
			<xmin>171</xmin>
			<ymin>287</ymin>
			<xmax>207</xmax>
			<ymax>316</ymax>
		</bndbox>
	</object>
	<object>
		<name>bowl</name>
		<pose>Unspecified</pose>
		<truncated>0</truncated>
		<difficult>0</difficult>
		<bndbox>
			<xmin>341</xmin>
			<ymin>253</ymin>
			<xmax>365</xmax>
			<ymax>276</ymax>
		</bndbox>
	</object>
	<object>
		<name>bowl</name>
		<pose>Unspecified</pose>
		<truncated>0</truncated>
		<difficult>0</difficult>
		<bndbox>
			<xmin>277</xmin>
			<ymin>266</ymin>
			<xmax>308</xmax>
			<ymax>293</ymax>
		</bndbox>
	</object>
	<object>
		<name>bowl</name>
		<pose>Unspecified</pose>
		<truncated>0</truncated>
		<difficult>0</difficult>
		<bndbox>
			<xmin>261</xmin>
			<ymin>292</ymin>
			<xmax>295</xmax>
			<ymax>318</ymax>
		</bndbox>
	</object>
</annotation>
