<annotation>
	<folder>images</folder>
	<filename>frame427.jpg</filename>
	<path>C:\Users\Colin Henson\Desktop\SupportforProcess\images\frame427.jpg</path>
	<source>
		<database>Unknown</database>
	</source>
	<size>
		<width>540</width>
		<height>360</height>
		<depth>3</depth>
	</size>
	<segmented>0</segmented>
	<object>
		<name>bowl</name>
		<pose>Unspecified</pose>
		<truncated>0</truncated>
		<difficult>0</difficult>
		<bndbox>
			<xmin>226</xmin>
			<ymin>18</ymin>
			<xmax>297</xmax>
			<ymax>47</ymax>
		</bndbox>
	</object>
	<object>
		<name>bowl</name>
		<pose>Unspecified</pose>
		<truncated>0</truncated>
		<difficult>0</difficult>
		<bndbox>
			<xmin>124</xmin>
			<ymin>34</ymin>
			<xmax>189</xmax>
			<ymax>59</ymax>
		</bndbox>
	</object>
	<object>
		<name>bowl</name>
		<pose>Unspecified</pose>
		<truncated>0</truncated>
		<difficult>0</difficult>
		<bndbox>
			<xmin>126</xmin>
			<ymin>60</ymin>
			<xmax>169</xmax>
			<ymax>74</ymax>
		</bndbox>
	</object>
	<object>
		<name>bowl</name>
		<pose>Unspecified</pose>
		<truncated>0</truncated>
		<difficult>0</difficult>
		<bndbox>
			<xmin>46</xmin>
			<ymin>109</ymin>
			<xmax>81</xmax>
			<ymax>138</ymax>
		</bndbox>
	</object>
	<object>
		<name>bowl</name>
		<pose>Unspecified</pose>
		<truncated>0</truncated>
		<difficult>0</difficult>
		<bndbox>
			<xmin>57</xmin>
			<ymin>207</ymin>
			<xmax>170</xmax>
			<ymax>265</ymax>
		</bndbox>
	</object>
	<object>
		<name>bowl</name>
		<pose>Unspecified</pose>
		<truncated>0</truncated>
		<difficult>0</difficult>
		<bndbox>
			<xmin>45</xmin>
			<ymin>238</ymin>
			<xmax>90</xmax>
			<ymax>325</ymax>
		</bndbox>
	</object>
	<object>
		<name>bowl</name>
		<pose>Unspecified</pose>
		<truncated>0</truncated>
		<difficult>0</difficult>
		<bndbox>
			<xmin>81</xmin>
			<ymin>300</ymin>
			<xmax>192</xmax>
			<ymax>344</ymax>
		</bndbox>
	</object>
	<object>
		<name>bowl</name>
		<pose>Unspecified</pose>
		<truncated>0</truncated>
		<difficult>0</difficult>
		<bndbox>
			<xmin>358</xmin>
			<ymin>285</ymin>
			<xmax>493</xmax>
			<ymax>343</ymax>
		</bndbox>
	</object>
	<object>
		<name>bowl</name>
		<pose>Unspecified</pose>
		<truncated>0</truncated>
		<difficult>0</difficult>
		<bndbox>
			<xmin>266</xmin>
			<ymin>54</ymin>
			<xmax>321</xmax>
			<ymax>76</ymax>
		</bndbox>
	</object>
	<object>
		<name>bowl</name>
		<pose>Unspecified</pose>
		<truncated>0</truncated>
		<difficult>0</difficult>
		<bndbox>
			<xmin>194</xmin>
			<ymin>71</ymin>
			<xmax>282</xmax>
			<ymax>107</ymax>
		</bndbox>
	</object>
	<object>
		<name>bowl</name>
		<pose>Unspecified</pose>
		<truncated>0</truncated>
		<difficult>0</difficult>
		<bndbox>
			<xmin>265</xmin>
			<ymin>105</ymin>
			<xmax>349</xmax>
			<ymax>142</ymax>
		</bndbox>
	</object>
	<object>
		<name>bowl</name>
		<pose>Unspecified</pose>
		<truncated>0</truncated>
		<difficult>0</difficult>
		<bndbox>
			<xmin>122</xmin>
			<ymin>116</ymin>
			<xmax>242</xmax>
			<ymax>171</ymax>
		</bndbox>
	</object>
	<object>
		<name>bowl</name>
		<pose>Unspecified</pose>
		<truncated>0</truncated>
		<difficult>0</difficult>
		<bndbox>
			<xmin>172</xmin>
			<ymin>150</ymin>
			<xmax>307</xmax>
			<ymax>219</ymax>
		</bndbox>
	</object>
	<object>
		<name>bowl</name>
		<pose>Unspecified</pose>
		<truncated>0</truncated>
		<difficult>0</difficult>
		<bndbox>
			<xmin>454</xmin>
			<ymin>138</ymin>
			<xmax>493</xmax>
			<ymax>190</ymax>
		</bndbox>
	</object>
</annotation>
