<annotation>
	<folder>images</folder>
	<filename>frame3394.jpg</filename>
	<path>/Users/brycegeorge/Git/cs-4800-graphics-project/Data/BowlImgDataSet/images/frame3394.jpg</path>
	<source>
		<database>Unknown</database>
	</source>
	<size>
		<width>540</width>
		<height>360</height>
		<depth>3</depth>
	</size>
	<segmented>0</segmented>
	<object>
		<name>bowl</name>
		<pose>Unspecified</pose>
		<truncated>0</truncated>
		<difficult>0</difficult>
		<bndbox>
			<xmin>89</xmin>
			<ymin>75</ymin>
			<xmax>170</xmax>
			<ymax>144</ymax>
		</bndbox>
	</object>
	<object>
		<name>bowl</name>
		<pose>Unspecified</pose>
		<truncated>0</truncated>
		<difficult>0</difficult>
		<bndbox>
			<xmin>163</xmin>
			<ymin>153</ymin>
			<xmax>261</xmax>
			<ymax>241</ymax>
		</bndbox>
	</object>
	<object>
		<name>bowl</name>
		<pose>Unspecified</pose>
		<truncated>0</truncated>
		<difficult>0</difficult>
		<bndbox>
			<xmin>342</xmin>
			<ymin>131</ymin>
			<xmax>409</xmax>
			<ymax>191</ymax>
		</bndbox>
	</object>
	<object>
		<name>bowl</name>
		<pose>Unspecified</pose>
		<truncated>0</truncated>
		<difficult>0</difficult>
		<bndbox>
			<xmin>401</xmin>
			<ymin>222</ymin>
			<xmax>470</xmax>
			<ymax>284</ymax>
		</bndbox>
	</object>
</annotation>
