<annotation>
	<folder>images</folder>
	<filename>frame3395.jpg</filename>
	<path>/Users/brycegeorge/Git/cs-4800-graphics-project/Data/BowlImgDataSet/images/frame3395.jpg</path>
	<source>
		<database>Unknown</database>
	</source>
	<size>
		<width>540</width>
		<height>360</height>
		<depth>3</depth>
	</size>
	<segmented>0</segmented>
	<object>
		<name>bowl</name>
		<pose>Unspecified</pose>
		<truncated>0</truncated>
		<difficult>0</difficult>
		<bndbox>
			<xmin>93</xmin>
			<ymin>74</ymin>
			<xmax>174</xmax>
			<ymax>143</ymax>
		</bndbox>
	</object>
	<object>
		<name>bowl</name>
		<pose>Unspecified</pose>
		<truncated>0</truncated>
		<difficult>0</difficult>
		<bndbox>
			<xmin>162</xmin>
			<ymin>151</ymin>
			<xmax>262</xmax>
			<ymax>239</ymax>
		</bndbox>
	</object>
	<object>
		<name>bowl</name>
		<pose>Unspecified</pose>
		<truncated>0</truncated>
		<difficult>0</difficult>
		<bndbox>
			<xmin>343</xmin>
			<ymin>130</ymin>
			<xmax>411</xmax>
			<ymax>192</ymax>
		</bndbox>
	</object>
	<object>
		<name>bowl</name>
		<pose>Unspecified</pose>
		<truncated>0</truncated>
		<difficult>0</difficult>
		<bndbox>
			<xmin>399</xmin>
			<ymin>221</ymin>
			<xmax>470</xmax>
			<ymax>284</ymax>
		</bndbox>
	</object>
</annotation>
