<annotation>
	<folder>images</folder>
	<filename>frame3390.jpg</filename>
	<path>/Users/brycegeorge/Git/cs-4800-graphics-project/Data/BowlImgDataSet/images/frame3390.jpg</path>
	<source>
		<database>Unknown</database>
	</source>
	<size>
		<width>540</width>
		<height>360</height>
		<depth>3</depth>
	</size>
	<segmented>0</segmented>
	<object>
		<name>bowl</name>
		<pose>Unspecified</pose>
		<truncated>0</truncated>
		<difficult>0</difficult>
		<bndbox>
			<xmin>82</xmin>
			<ymin>80</ymin>
			<xmax>162</xmax>
			<ymax>150</ymax>
		</bndbox>
	</object>
	<object>
		<name>bowl</name>
		<pose>Unspecified</pose>
		<truncated>0</truncated>
		<difficult>0</difficult>
		<bndbox>
			<xmin>165</xmin>
			<ymin>157</ymin>
			<xmax>262</xmax>
			<ymax>245</ymax>
		</bndbox>
	</object>
	<object>
		<name>bowl</name>
		<pose>Unspecified</pose>
		<truncated>0</truncated>
		<difficult>0</difficult>
		<bndbox>
			<xmin>338</xmin>
			<ymin>131</ymin>
			<xmax>405</xmax>
			<ymax>191</ymax>
		</bndbox>
	</object>
	<object>
		<name>bowl</name>
		<pose>Unspecified</pose>
		<truncated>0</truncated>
		<difficult>0</difficult>
		<bndbox>
			<xmin>406</xmin>
			<ymin>222</ymin>
			<xmax>474</xmax>
			<ymax>286</ymax>
		</bndbox>
	</object>
	<object>
		<name>bowl</name>
		<pose>Unspecified</pose>
		<truncated>0</truncated>
		<difficult>0</difficult>
		<bndbox>
			<xmin>288</xmin>
			<ymin>335</ymin>
			<xmax>327</xmax>
			<ymax>344</ymax>
		</bndbox>
	</object>
</annotation>
